{"cameraMode":{"drawMode":0,"name":"Shaded","section":"Shading Mode"},"sceneLighting":false,"audioPlay":false,"sceneViewState":{"showFog":true,"showMaterialUpdate":false,"showSkybox":false,"showFlares":true,"showImageEffects":true,"showParticleSystems":true},"in2DMode":false,"pivot":{"x":-1.9693574905395508,"y":0.7071029543876648,"z":0.0078125},"rotation":{"x":-0.1132575124502182,"y":0.6468034386634827,"z":-0.09795963019132614,"w":-0.7478115558624268},"size":54.117279052734378,"orthographic":false}